Hostname,Domain,Label,Model,VLAN,Mgmt IP,Gateway,Length,Cable Length,Distribution,
aa1,access.npf,AA1.ACCESS.NPF,WS-C2950T-24,11,10.255.207.2,10.255.207.1,33,50,dist7,
aa2,access.npf,AA2.ACCESS.NPF,WS-C2950T-24,11,10.255.207.3,10.255.207.1,23,30,dist7,
ab1,access.npf,AB1.ACCESS.NPF,WS-C2950T-24,11,10.255.207.4,10.255.207.1,29,50,dist7,
ab2,access.npf,AB2.ACCESS.NPF,WS-C2950T-24,11,10.255.207.5,10.255.207.1,19,30,dist7,
ac1,access.npf,AC1.ACCESS.NPF,WS-C2950T-24,12,10.255.207.6,10.255.207.1,25,30,dist7,
ac2,access.npf,AC2.ACCESS.NPF,WS-C2950T-24,12,10.255.207.7,10.255.207.1,15,20,dist7,
ad1,access.npf,AD1.ACCESS.NPF,WS-C2950T-24,12,10.255.207.8,10.255.207.1,21,20,dist7,
ad2,access.npf,AD2.ACCESS.NPF,WS-C2950T-24,12,10.255.207.9,10.255.207.1,11,20,dist7,
ae1,access.npf,AE1.ACCESS.NPF,WS-C2950T-24,13,10.255.207.10,10.255.207.1,25,30,dist7,
ae2,access.npf,AE2.ACCESS.NPF,WS-C2950T-24,13,10.255.207.11,10.255.207.1,15,20,dist7,
af1,access.npf,AF1.ACCESS.NPF,WS-C2950T-24,13,10.255.207.12,10.255.207.1,29,50,dist7,
af2,access.npf,AF2.ACCESS.NPF,WS-C2950T-24,13,10.255.207.13,10.255.207.1,19,30,dist7,
ag1,access.npf,AG1.ACCESS.NPF,WS-C2950T-24,14,10.255.207.14,10.255.207.1,33,50,dist7,
ag2,access.npf,AG2.ACCESS.NPF,WS-C2950T-24,14,10.255.207.15,10.255.207.1,23,30,dist7,
ah1,access.npf,AH1.ACCESS.NPF,WS-C2950T-24,11,10.255.208.2,10.255.208.1,33,50,dist8,
ah2,access.npf,AH2.ACCESS.NPF,WS-C2950T-24,11,10.255.208.3,10.255.208.1,23,30,dist8,
aj1,access.npf,AJ1.ACCESS.NPF,WS-C2950T-24,11,10.255.208.4,10.255.208.1,29,50,dist8,
aj2,access.npf,AJ2.ACCESS.NPF,WS-C2950T-24,11,10.255.208.5,10.255.208.1,19,30,dist8,
ak1,access.npf,AK1.ACCESS.NPF,WS-C2950T-24,12,10.255.208.6,10.255.208.1,25,30,dist8,
ak2,access.npf,AK2.ACCESS.NPF,WS-C2950T-24,12,10.255.208.7,10.255.208.1,15,20,dist8,
al1,access.npf,AL1.ACCESS.NPF,WS-C2950T-24,12,10.255.208.8,10.255.208.1,21,30,dist8,
al2,access.npf,AL2.ACCESS.NPF,WS-C2950T-24,12,10.255.208.9,10.255.208.1,11,20,dist8,
am1,access.npf,AM1.ACCESS.NPF,WS-C2950T-24,13,10.255.208.10,10.255.208.1,25,30,dist8,
am2,access.npf,AM2.ACCESS.NPF,WS-C2950T-24,13,10.255.208.11,10.255.208.1,15,20,dist8,
an1,access.npf,AN1.ACCESS.NPF,WS-C2950T-24,13,10.255.208.12,10.255.208.1,29,50,dist8,
an2,access.npf,AN2.ACCESS.NPF,WS-C2950T-24,13,10.255.208.13,10.255.208.1,19,30,dist8,
ap1,access.npf,AP1.ACCESS.NPF,WS-C2950T-24,14,10.255.208.14,10.255.208.1,33,50,dist8,
ap2,access.npf,AP2.ACCESS.NPF,WS-C2950T-24,14,10.255.208.15,10.255.208.1,23,30,dist8,
aq1,access.npf,AQ1.ACCESS.NPF,WS-C2950T-24,11,10.255.209.2,10.255.209.1,33,50,dist9,
aq2,access.npf,AQ2.ACCESS.NPF,WS-C2950T-24,11,10.255.209.3,10.255.209.1,23,30,dist9,
ar1,access.npf,AR1.ACCESS.NPF,WS-C2950T-24,11,10.255.209.4,10.255.209.1,29,50,dist9,
ar2,access.npf,AR2.ACCESS.NPF,WS-C2950T-24,11,10.255.209.5,10.255.209.1,19,30,dist9,
as1,access.npf,AS1.ACCESS.NPF,WS-C2950T-24,12,10.255.209.6,10.255.209.1,25,30,dist9,
as2,access.npf,AS2.ACCESS.NPF,WS-C2950T-24,12,10.255.209.7,10.255.209.1,15,20,dist9,
at1,access.npf,AT1.ACCESS.NPF,WS-C2950T-24,12,10.255.209.8,10.255.209.1,21,30,dist9,
at2,access.npf,AT2.ACCESS.NPF,WS-C2950T-24,12,10.255.209.9,10.255.209.1,11,20,dist9,
au1,access.npf,AU1.ACCESS.NPF,WS-C2950T-24,13,10.255.209.10,10.255.209.1,25,30,dist9,
au2,access.npf,AU2.ACCESS.NPF,WS-C2950T-24,13,10.255.209.11,10.255.209.1,15,20,dist9,
av1,access.npf,AV1.ACCESS.NPF,WS-C2950T-24,13,10.255.209.12,10.255.209.1,29,50,dist9,
av2,access.npf,AV2.ACCESS.NPF,WS-C2950T-24,13,10.255.209.13,10.255.209.1,19,30,dist9,
aw1,access.npf,AW1.ACCESS.NPF,WS-C2950T-24,14,10.255.209.14,10.255.209.1,33,50,dist9,
aw2,access.npf,AW2.ACCESS.NPF,WS-C2950T-24,14,10.255.209.15,10.255.209.1,23,30,dist9,
ax1,access.npf,AX1.ACCESS.NPF,WS-C2950T-24,11,10.255.210.2,10.255.210.1,33,50,dist10,
ax2,access.npf,AX2.ACCESS.NPF,WS-C2950T-24,11,10.255.210.3,10.255.210.1,23,30,dist10,
ay1,access.npf,AY1.ACCESS.NPF,WS-C2950T-24,11,10.255.210.4,10.255.210.1,29,50,dist10,
ay2,access.npf,AY2.ACCESS.NPF,WS-C2950T-24,11,10.255.210.5,10.255.210.1,19,30,dist10,
az1,access.npf,AZ1.ACCESS.NPF,WS-C2950T-24,12,10.255.210.6,10.255.210.1,25,30,dist10,
az2,access.npf,AZ2.ACCESS.NPF,WS-C2950T-24,12,10.255.210.7,10.255.210.1,15,20,dist10,
ba1,access.npf,BA1.ACCESS.NPF,WS-C2950T-24,12,10.255.210.8,10.255.210.1,21,30,dist10,
ba2,access.npf,BA2.ACCESS.NPF,WS-C2950T-24,12,10.255.210.9,10.255.210.1,11,20,dist10,
bb1,access.npf,BB1.ACCESS.NPF,WS-C2950T-24,13,10.255.210.10,10.255.210.1,25,30,dist10,
bb2,access.npf,BB2.ACCESS.NPF,WS-C2950T-24,13,10.255.210.11,10.255.210.1,15,20,dist10,
bc1,access.npf,BC1.ACCESS.NPF,WS-C2950T-24,13,10.255.210.12,10.255.210.1,29,50,dist10,
bc2,access.npf,BC2.ACCESS.NPF,WS-C2950T-24,13,10.255.210.13,10.255.210.1,19,30,dist10,
bd1,access.npf,BD1.ACCESS.NPF,WS-C2950T-24,14,10.255.210.14,10.255.210.1,33,50,dist10,
bd2,access.npf,BD2.ACCESS.NPF,WS-C2950T-24,14,10.255.210.15,10.255.210.1,23,30,dist10,
be1,access.npf,BE1.ACCESS.NPF,WS-C2950T-24,11,10.255.211.2,10.255.211.1,33,50,dist11,
be2,access.npf,BE2.ACCESS.NPF,WS-C2950T-24,11,10.255.211.3,10.255.211.1,23,30,dist11,
bf1,access.npf,BF1.ACCESS.NPF,WS-C2950T-24,11,10.255.211.4,10.255.211.1,29,50,dist11,
bf2,access.npf,BF2.ACCESS.NPF,WS-C2950T-24,11,10.255.211.5,10.255.211.1,19,30,dist11,
bg1,access.npf,BG1.ACCESS.NPF,WS-C2950T-24,12,10.255.211.6,10.255.211.1,25,30,dist11,
bg2,access.npf,BG2.ACCESS.NPF,WS-C2950T-24,12,10.255.211.7,10.255.211.1,15,20,dist11,
bh1,access.npf,BH1.ACCESS.NPF,WS-C2950T-24,12,10.255.211.8,10.255.211.1,21,30,dist11,
bh2,access.npf,BH2.ACCESS.NPF,WS-C2950T-24,12,10.255.211.9,10.255.211.1,11,20,dist11,
bj1,access.npf,BJ1.ACCESS.NPF,WS-C2950T-24,13,10.255.211.10,10.255.211.1,25,30,dist11,
bj2,access.npf,BJ2.ACCESS.NPF,WS-C2950T-24,13,10.255.211.11,10.255.211.1,15,20,dist11,
bk1,access.npf,BK1.ACCESS.NPF,WS-C2950T-24,13,10.255.211.12,10.255.211.1,29,50,dist11,
bk2,access.npf,BK2.ACCESS.NPF,WS-C2950T-24,13,10.255.211.13,10.255.211.1,19,30,dist11,
bl1,access.npf,BL1.ACCESS.NPF,WS-C2950T-24,14,10.255.211.14,10.255.211.1,33,50,dist11,
bl2,access.npf,BL2.ACCESS.NPF,WS-C2950T-24,14,10.255.211.15,10.255.211.1,23,30,dist11,
bm1,access.npf,BM1.ACCESS.NPF,WS-C2950T-24,11,10.255.212.2,10.255.212.1,33,50,dist12,
bm2,access.npf,BM2.ACCESS.NPF,WS-C2950T-24,11,10.255.212.3,10.255.212.1,23,30,dist12,
bn1,access.npf,BN1.ACCESS.NPF,WS-C2950T-24,11,10.255.212.4,10.255.212.1,29,50,dist12,
bn2,access.npf,BN2.ACCESS.NPF,WS-C2950T-24,11,10.255.212.5,10.255.212.1,19,30,dist12,
bp1,access.npf,BP1.ACCESS.NPF,WS-C2950T-24,12,10.255.212.6,10.255.212.1,25,30,dist12,
bp2,access.npf,BP2.ACCESS.NPF,WS-C2950T-24,12,10.255.212.7,10.255.212.1,15,20,dist12,
bq1,access.npf,BQ1.ACCESS.NPF,WS-C2950T-24,12,10.255.212.8,10.255.212.1,21,30,dist12,
bq2,access.npf,BQ2.ACCESS.NPF,WS-C2950T-24,12,10.255.212.9,10.255.212.1,11,20,dist12,
br1,access.npf,BR1.ACCESS.NPF,WS-C2950T-24,13,10.255.212.10,10.255.212.1,25,30,dist12,
br2,access.npf,BR2.ACCESS.NPF,WS-C2950T-24,13,10.255.212.11,10.255.212.1,15,20,dist12,
bs1,access.npf,BS1.ACCESS.NPF,WS-C2950T-24,13,10.255.212.12,10.255.212.1,29,50,dist12,
bs2,access.npf,BS2.ACCESS.NPF,WS-C2950T-24,13,10.255.212.13,10.255.212.1,19,30,dist12,
ca1,access.npf,CA1.ACCESS.NPF,WS-C2950T-24,15,10.255.207.17,10.255.207.1,10.5,20,dist7,
cb1,access.npf,CB1.ACCESS.NPF,WS-C2950T-24,15,10.255.207.18,10.255.207.1,14.5,20,dist7,
cc1,access.npf,CC1.ACCESS.NPF,WS-C2950T-24,15,10.255.207.19,10.255.207.1,18.5,20,dist7,
cd1,access.npf,CD1.ACCESS.NPF,WS-C2950T-24,15,10.255.207.20,10.255.207.1,22.5,30,dist7,
ce1,access.npf,CE1.ACCESS.NPF,WS-C2950T-24,14,10.255.208.16,10.255.208.1,11.5,20,dist8,
cf1,access.npf,CF1.ACCESS.NPF,WS-C2950T-24,14,10.255.208.17,10.255.208.1,17.5,20,dist8,
cg1,access.npf,CG1.ACCESS.NPF,WS-C2950T-24,14,10.255.209.16,10.255.209.1,13.5,20,dist9,
ch1,access.npf,CH1.ACCESS.NPF,WS-C2950T-24,14,10.255.209.17,10.255.209.1,17.5,20,dist9,
da1,access.npf,DA1.ACCESS.NPF,WS-C2950T-24,11,10.255.201.2,10.255.201.1,33.75,50,dist1,
da2,access.npf,DA2.ACCESS.NPF,WS-C2950T-24,11,10.255.201.3,10.255.201.1,23.75,30,dist1,
db1,access.npf,DB1.ACCESS.NPF,WS-C2950T-24,11,10.255.201.5,10.255.201.1,29.75,50,dist1,
db2,access.npf,DB2.ACCESS.NPF,WS-C2950T-24,11,10.255.201.6,10.255.201.1,19.75,30,dist1,
dc1,access.npf,DC1.ACCESS.NPF,WS-C2950T-24,12,10.255.201.8,10.255.201.1,25.75,30,dist1,
dc2,access.npf,DC2.ACCESS.NPF,WS-C2950T-24,12,10.255.201.9,10.255.201.1,15.75,20,dist1,
dd1,access.npf,DD1.ACCESS.NPF,WS-C2950T-24,12,10.255.201.11,10.255.201.1,21.75,30,dist1,
dd2,access.npf,DD2.ACCESS.NPF,WS-C2950T-24,12,10.255.201.12,10.255.201.1,11.75,20,dist1,
de1,access.npf,DE1.ACCESS.NPF,WS-C2950T-24,13,10.255.201.14,10.255.201.1,25.75,30,dist1,
de2,access.npf,DE2.ACCESS.NPF,WS-C2950T-24,13,10.255.201.15,10.255.201.1,15.75,20,dist1,
df1,access.npf,DF1.ACCESS.NPF,WS-C2950T-24,13,10.255.201.17,10.255.201.1,29.75,50,dist1,
df2,access.npf,DF2.ACCESS.NPF,WS-C2950T-24,13,10.255.201.18,10.255.201.1,19.75,30,dist1,
dg1,access.npf,DG1.ACCESS.NPF,WS-C2950T-24,14,10.255.201.20,10.255.201.1,33.75,50,dist1,
dg2,access.npf,DG2.ACCESS.NPF,WS-C2950T-24,14,10.255.201.21,10.255.201.1,23.75,30,dist1,
dh1,access.npf,DH1.ACCESS.NPF,WS-C2950T-24,11,10.255.202.2,10.255.202.1,33.75,50,dist2,
dh2,access.npf,DH2.ACCESS.NPF,WS-C2950T-24,11,10.255.202.3,10.255.202.1,23.75,30,dist2,
dj1,access.npf,DJ1.ACCESS.NPF,WS-C2950T-24,11,10.255.202.5,10.255.202.1,29.75,50,dist2,
dj2,access.npf,DJ2.ACCESS.NPF,WS-C2950T-24,11,10.255.202.6,10.255.202.1,19.75,30,dist2,
dk1,access.npf,DK1.ACCESS.NPF,WS-C2950T-24,11,10.255.217.2,10.255.217.1,25.75,30,dist2,
dk2,access.npf,DK2.ACCESS.NPF,WS-C2950T-24,11,10.255.217.3,10.255.217.1,15.75,20,dist2,
dl1,access.npf,DL1.ACCESS.NPF,WS-C2950T-24,11,10.255.217.4,10.255.217.1,21.75,30,dist2,
dl2,access.npf,DL2.ACCESS.NPF,WS-C2950T-24,11,10.255.217.5,10.255.217.1,11.75,20,dist2,
dm1,access.npf,DM1.ACCESS.NPF,WS-C2950T-24,13,10.255.202.14,10.255.202.1,25.75,30,dist2,
dm2,access.npf,DM2.ACCESS.NPF,WS-C2950T-24,13,10.255.202.15,10.255.202.1,15.75,20,dist2,
dn1,access.npf,DN1.ACCESS.NPF,WS-C2950T-24,13,10.255.202.17,10.255.202.1,29.75,50,dist2,
dn2,access.npf,DN2.ACCESS.NPF,WS-C2950T-24,13,10.255.202.18,10.255.202.1,19.75,30,dist2,
dp1,access.npf,DP1.ACCESS.NPF,WS-C2950T-24,14,10.255.202.20,10.255.202.1,33.75,50,dist2,
dp2,access.npf,DP2.ACCESS.NPF,WS-C2950T-24,14,10.255.202.21,10.255.202.1,23.75,30,dist2,
dq1,access.npf,DQ1.ACCESS.NPF,WS-C2950T-24,11,10.255.203.2,10.255.203.1,33.75,50,dist3,
dq2,access.npf,DQ2.ACCESS.NPF,WS-C2950T-24,11,10.255.203.3,10.255.203.1,23.75,30,dist3,
dr1,access.npf,DR1.ACCESS.NPF,WS-C2950T-24,11,10.255.203.5,10.255.203.1,29.75,50,dist3,
dr2,access.npf,DR2.ACCESS.NPF,WS-C2950T-24,11,10.255.203.6,10.255.203.1,19.75,30,dist3,
ds1,access.npf,DS1.ACCESS.NPF,WS-C2950T-24,12,10.255.203.8,10.255.203.1,25.75,30,dist3,
ds2,access.npf,DS2.ACCESS.NPF,WS-C2950T-24,12,10.255.203.9,10.255.203.1,15.75,20,dist3,
dt1,access.npf,DT1.ACCESS.NPF,WS-C2950T-24,12,10.255.203.11,10.255.203.1,21.75,30,dist3,
dt2,access.npf,DT2.ACCESS.NPF,WS-C2950T-24,12,10.255.203.12,10.255.203.1,11.75,20,dist3,
du1,access.npf,DU1.ACCESS.NPF,WS-C2950T-24,13,10.255.203.14,10.255.203.1,25.75,30,dist3,
du2,access.npf,DU2.ACCESS.NPF,WS-C2950T-24,13,10.255.203.15,10.255.203.1,15.75,20,dist3,
dv1,access.npf,DV1.ACCESS.NPF,WS-C2950T-24,13,10.255.203.17,10.255.203.1,29.75,50,dist3,
dv2,access.npf,DV2.ACCESS.NPF,WS-C2950T-24,13,10.255.203.18,10.255.203.1,19.75,30,dist3,
dw1,access.npf,DW1.ACCESS.NPF,WS-C2950T-24,14,10.255.203.19,10.255.203.1,33.75,50,dist3,
dw2,access.npf,DW2.ACCESS.NPF,WS-C2950T-24,14,10.255.203.20,10.255.203.1,23.75,30,dist3,
dx1,access.npf,DX1.ACCESS.NPF,WS-C2950T-24,11,10.255.204.2,10.255.204.1,33.75,50,dist4,
dx2,access.npf,DX2.ACCESS.NPF,WS-C2950T-24,11,10.255.204.3,10.255.204.1,23.75,30,dist4,
dy1,access.npf,DY1.ACCESS.NPF,WS-C2950T-24,11,10.255.204.4,10.255.204.1,29.75,50,dist4,
dy2,access.npf,DY2.ACCESS.NPF,WS-C2950T-24,11,10.255.204.5,10.255.204.1,19.75,30,dist4,
dz1,access.npf,DZ1.ACCESS.NPF,WS-C2950T-24,12,10.255.204.6,10.255.204.1,25.75,30,dist4,
dz2,access.npf,DZ2.ACCESS.NPF,WS-C2950T-24,12,10.255.204.7,10.255.204.1,15.75,20,dist4,
ea1,access.npf,EA1.ACCESS.NPF,WS-C2950T-24,12,10.255.204.8,10.255.204.1,21.75,30,dist4,
ea2,access.npf,EA2.ACCESS.NPF,WS-C2950T-24,12,10.255.204.9,10.255.204.1,11.75,20,dist4,
eb1,access.npf,EB1.ACCESS.NPF,WS-C2950T-24,13,10.255.204.10,10.255.204.1,25.75,30,dist4,
eb2,access.npf,EB2.ACCESS.NPF,WS-C2950T-24,13,10.255.204.11,10.255.204.1,15.75,20,dist4,
fa1,access.npf,FA1.ACCESS.NPF,WS-C2950T-24,15,10.255.201.4,10.255.201.1,23.75,30,dist1,
fb1,access.npf,FB1.ACCESS.NPF,WS-C2950T-24,15,10.255.201.7,10.255.201.1,19.75,30,dist1,
fc1,access.npf,FC1.ACCESS.NPF,WS-C2950T-24,15,10.255.201.10,10.255.201.1,15.75,20,dist1,
fd1,access.npf,FD1.ACCESS.NPF,WS-C2950T-24,15,10.255.201.13,10.255.201.1,11.75,20,dist1,
fe1,access.npf,FE1.ACCESS.NPF,WS-C2950T-24,14,10.255.201.16,10.255.201.1,15.75,20,dist1,
ff1,access.npf,FF1.ACCESS.NPF,WS-C2950T-24,14,10.255.201.19,10.255.201.1,19.75,30,dist1,
fg1,access.npf,FG1.ACCESS.NPF,WS-C2950T-24,14,10.255.201.22,10.255.201.1,23.75,30,dist1,
fh1,access.npf,FH1.ACCESS.NPF,WS-C2950T-24,15,10.255.202.4,10.255.202.1,23.75,30,dist2,
fj1,access.npf,FJ1.ACCESS.NPF,WS-C2950T-24,15,10.255.202.7,10.255.202.1,19.75,30,dist2,
fk1,access.npf,FK1.ACCESS.NPF,WS-C2950T-24,12,10.255.217.6,10.255.217.1,15.75,20,dist2,
fl1,access.npf,FL1.ACCESS.NPF,WS-C2950T-24,12,10.255.217.7,10.255.217.1,11.75,20,dist2,
fm1,access.npf,FM1.ACCESS.NPF,WS-C2950T-24,12,10.255.217.8,10.255.217.1,15.75,20,dist2,
fn1,access.npf,FN1.ACCESS.NPF,WS-C2950T-24,12,10.255.217.9,10.255.217.1,19.75,30,dist2,
fp1,access.npf,FP1.ACCESS.NPF,WS-C2950T-24,13,10.255.217.10,10.255.217.1,23.75,30,dist2,
fq1,access.npf,FQ1.ACCESS.NPF,WS-C2950T-24,13,10.255.217.11,10.255.217.1,23.75,30,dist3,
fr1,access.npf,FR2.ACCESS.NPF,WS-C2950T-24,13,10.255.217.12,10.255.217.1,19.75,30,dist3,
fs1,access.npf,FS1.ACCESS.NPF,WS-C2950T-24,13,10.255.217.13,10.255.217.1,15.75,20,dist3,
ft1,access.npf,FT1.ACCESS.NPF,WS-C2950T-24,15,10.255.203.13,10.255.203.1,11.75,20,dist3,
fu1,access.npf,FU1.ACCESS.NPF,WS-C2950T-24,15,10.255.203.16,10.255.203.1,15.75,20,dist3,
ga1,access.npf,GA1.ACCESS.NPF,WS-C2950T-24,16,10.255.201.23,10.255.201.1,42,50,dist1,
gb1,access.npf,GB1.ACCESS.NPF,WS-C2950T-24,16,10.255.201.24,10.255.201.1,38,50,dist1,
gc1,access.npf,GC1.ACCESS.NPF,WS-C2950T-24,16,10.255.201.25,10.255.201.1,34,50,dist1,
gd1,access.npf,GD1.ACCESS.NPF,WS-C2950T-24,16,10.255.201.26,10.255.201.1,30,50,dist1,
ge1,access.npf,GE1.ACCESS.NPF,WS-C2950T-24,16,10.255.201.27,10.255.201.1,26,30,dist1,
gf1,access.npf,GF1.ACCESS.NPF,WS-C2950T-24,16,10.255.202.23,10.255.201.1,26,30,dist1,
gg1,access.npf,GG1.ACCESS.NPF,WS-C2950T-24,16,10.255.202.24,10.255.202.1,45,50,dist2,
gh1,access.npf,GH1.ACCESS.NPF,WS-C2950T-24,16,10.255.202.25,10.255.202.1,41,50,dist2,
gj1,access.npf,GJ1.ACCESS.NPF,WS-C2950T-24,17,10.255.202.26,10.255.202.1,37,50,dist2,
gk1,access.npf,GK1.ACCESS.NPF,WS-C2950T-24,17,10.255.202.27,10.255.202.1,33,50,dist2,
gl1,access.npf,GL1.ACCESS.NPF,WS-C2950T-24,17,10.255.202.28,10.255.202.1,29,50,dist2,
gm1,access.npf,GM1.ACCESS.NPF,WS-C2950T-24,17,10.255.202.29,10.255.202.1,27,30,dist2,
xa1,access.npf,XA1.ACCESS.NPF,WS-C2950T-24,14,10.255.213.21,10.255.213.1,32.5,50,dist13,
xa2,access.npf,XA2.ACCESS.NPF,WS-C2950T-24,14,10.255.213.22,10.255.213.1,24.5,30,dist13,
xb1,access.npf,XB1.ACCESS.NPF,WS-C2950T-24,13,10.255.213.18,10.255.213.1,30.5,50,dist13,
xb2,access.npf,XB2.ACCESS.NPF,WS-C2950T-24,13,10.255.213.19,10.255.213.1,18.5,30,dist13,
xc1,access.npf,XC1.ACCESS.NPF,WS-C2950T-24,13,10.255.213.15,10.255.213.1,26.5,30,dist13,
xc2,access.npf,XC2.ACCESS.NPF,WS-C2950T-24,13,10.255.213.16,10.255.213.1,14.5,20,dist13,
xd1,access.npf,XD1.ACCESS.NPF,WS-C2950T-24,12,10.255.213.12,10.255.213.1,22.5,30,dist13,
xd2,access.npf,XD2.ACCESS.NPF,WS-C2950T-24,12,10.255.213.13,10.255.213.1,10.5,20,dist13,
xe1,access.npf,XE1.ACCESS.NPF,WS-C2950T-24,12,10.255.213.9,10.255.213.1,26.5,30,dist13,
xe2,access.npf,XE2.ACCESS.NPF,WS-C2950T-24,12,10.255.213.10,10.255.213.1,14.5,20,dist13,
xf1,access.npf,XF1.ACCESS.NPF,WS-C2950T-24,11,10.255.213.6,10.255.213.1,30.5,50,dist13,
xf2,access.npf,XF2.ACCESS.NPF,WS-C2950T-24,11,10.255.213.7,10.255.213.1,18.5,30,dist13,
xg1,access.npf,XG1.ACCESS.NPF,WS-C2950T-24,11,10.255.213.2,10.255.213.1,34.5,50,dist13,
xg2,access.npf,XG2.ACCESS.NPF,WS-C2950T-24,11,10.255.213.3,10.255.213.1,22.5,30,dist13,
xh1,access.npf,XH1.ACCESS.NPF,WS-C2950T-24,14,10.255.215.20,10.255.215.1,34.5,50,dist15,
xh2,access.npf,XH2.ACCESS.NPF,WS-C2950T-24,14,10.255.215.21,10.255.215.1,22.5,30,dist15,
xj1,access.npf,XJ1.ACCESS.NPF,WS-C2950T-24,13,10.255.215.17,10.255.215.1,30.5,50,dist15,
xj2,access.npf,XJ2.ACCESS.NPF,WS-C2950T-24,13,10.255.215.18,10.255.215.1,18.5,30,dist15,
xk1,access.npf,XK1.ACCESS.NPF,WS-C2950T-24,13,10.255.215.14,10.255.215.1,26.5,30,dist15,
xk2,access.npf,XK2.ACCESS.NPF,WS-C2950T-24,13,10.255.215.15,10.255.215.1,14.5,20,dist15,
xl1,access.npf,XL1.ACCESS.NPF,WS-C2950T-24,12,10.255.215.11,10.255.215.1,22.5,30,dist15,
xl2,access.npf,XL2.ACCESS.NPF,WS-C2950T-24,12,10.255.215.12,10.255.215.1,10.5,20,dist15,
xm1,access.npf,XM1.ACCESS.NPF,WS-C2950T-24,12,10.255.215.8,10.255.215.1,26.5,30,dist15,
xm2,access.npf,XM2.ACCESS.NPF,WS-C2950T-24,12,10.255.215.9,10.255.215.1,14.5,20,dist15,
xn1,access.npf,XN1.ACCESS.NPF,WS-C2950T-24,11,10.255.215.5,10.255.215.1,30.5,50,dist15,
xn2,access.npf,XN2.ACCESS.NPF,WS-C2950T-24,11,10.255.215.6,10.255.215.1,18.5,30,dist15,
xp1,access.npf,XP1.ACCESS.NPF,WS-C2950T-24,11,10.255.215.2,10.255.215.1,34.5,50,dist15,
xp2,access.npf,XP2.ACCESS.NPF,WS-C2950T-24,11,10.255.215.3,10.255.215.1,22.5,30,dist15,
ya1,access.npf,YA1.ACCESS.NPF,WS-C2950T-24,14,10.255.213.23,10.255.213.1,22.5,30,dist13,
ya2,access.npf,YA2.ACCESS.NPF,WS-C2950T-24,14,10.255.213.29,10.255.213.1,22.75,30,dist13,
yb1,access.npf,YB1.ACCESS.NPF,WS-C2950T-24,17,10.255.213.20,10.255.213.1,18.5,30,dist13,
yb2,access.npf,YB2.ACCESS.NPF,WS-C2950T-24,17,10.255.213.28,10.255.213.1,18.75,30,dist13,
yc1,access.npf,YC1.ACCESS.NPF,WS-C2950T-24,17,10.255.213.17,10.255.213.1,14.5,20,dist13,
yc2,access.npf,YC2.ACCESS.NPF,WS-C2950T-24,17,10.255.213.27,10.255.213.1,14.75,20,dist13,
yd1,access.npf,YD1.ACCESS.NPF,WS-C2950T-24,16,10.255.213.14,10.255.213.1,10.5,20,dist13,
yd2,access.npf,YD2.ACCESS.NPF,WS-C2950T-24,16,10.255.213.26,10.255.213.1,10.75,20,dist13,
ye1,access.npf,YE1.ACCESS.NPF,WS-C2950T-24,16,10.255.213.11,10.255.213.1,14.5,20,dist13,
ye2,access.npf,YE2.ACCESS.NPF,WS-C2950T-24,16,10.255.213.25,10.255.213.1,14.75,20,dist13,
yf1,access.npf,YF1.ACCESS.NPF,WS-C2950T-24,15,10.255.213.8,10.255.213.1,18.5,30,dist13,
yf2,access.npf,YF2.ACCESS.NPF,WS-C2950T-24,15,10.255.213.24,10.255.213.1,18.75,30,dist13,
yg1,access.npf,YG1.ACCESS.NPF,WS-C2950T-24,15,10.255.213.4,10.255.213.1,21.5,30,dist13,
yg2,access.npf,YG2.ACCESS.NPF,WS-C2950T-24,15,10.255.213.5,10.255.213.1,27.5,30,dist13,
yh1,access.npf,YH1.ACCESS.NPF,WS-C2950T-24,14,10.255.215.22,10.255.215.1,21.5,30,dist15,
yh2,access.npf,YH2.ACCESS.NPF,WS-C2950T-24,14,10.255.215.23,10.255.215.1,27.5,30,dist15,
yj1,access.npf,YJ1.ACCESS.NPF,WS-C2950T-24,14,10.255.215.19,10.255.215.1,18.5,30,dist15,
yj2,access.npf,YJ2.ACCESS.NPF,WS-C2950T-24,12,10.255.216.13,10.255.216.1,18.75,30,dist16,
yk1,access.npf,YK1.ACCESS.NPF,WS-C2950T-24,15,10.255.215.16,10.255.215.1,14.5,20,dist15,
yk2,access.npf,YK2.ACCESS.NPF,WS-C2950T-24,12,10.255.216.10,10.255.216.1,14.75,20,dist16,
yl1,access.npf,YL1.ACCESS.NPF,WS-C2950T-24,15,10.255.215.13,10.255.215.1,10.5,20,dist15,
yl2,access.npf,YL2.ACCESS.NPF,WS-C2950T-24,11,10.255.216.7,10.255.216.1,10.75,20,dist16,
ym1,access.npf,YM1.ACCESS.NPF,WS-C2950T-24,15,10.255.215.10,10.255.215.1,14.5,20,dist15,
ym2,access.npf,YM2.ACCESS.NPF,WS-C2950T-24,11,10.255.216.4,10.255.216.1,14.75,20,dist16,
yn1,access.npf,YN1.ACCESS.NPF,WS-C2950T-24,15,10.255.215.7,10.255.215.1,18.5,30,dist15,
yn2,access.npf,YN2.ACCESS.NPF,WS-C2950T-24,11,10.255.216.3,10.255.216.1,18.75,30,dist16,
yp1,access.npf,YP1.ACCESS.NPF,WS-C2950T-24,15,10.255.215.4,10.255.215.1,22.5,30,dist15,
yp2,access.npf,YP2.ACCESS.NPF,WS-C2950T-24,11,10.255.216.2,10.255.216.1,22.75,30,dist16,
za1,access.npf,ZA1.ACCESS.NPF,WS-C2950T-24,14,10.255.214.20,10.255.214.1,23.75,30,dist13,
za2,access.npf,ZA2.ACCESS.NPF,WS-C2950T-24,14,10.255.214.21,10.255.214.1,32.75,50,dist13,
zb1,access.npf,ZB1.ACCESS.NPF,WS-C2950T-24,13,10.255.214.17,10.255.214.1,18.75,30,dist13,
zb2,access.npf,ZB2.ACCESS.NPF,WS-C2950T-24,13,10.255.214.18,10.255.214.1,28.75,50,dist13,
zc1,access.npf,ZC1.ACCESS.NPF,WS-C2950T-24,13,10.255.214.14,10.255.214.1,14.75,20,dist13,
zc2,access.npf,ZC2.ACCESS.NPF,WS-C2950T-24,13,10.255.214.15,10.255.214.1,24.75,30,dist13,
zd1,access.npf,ZD1.ACCESS.NPF,WS-C2950T-24,12,10.255.214.11,10.255.214.1,10.75,20,dist13,
zd2,access.npf,ZD2.ACCESS.NPF,WS-C2950T-24,12,10.255.214.12,10.255.214.1,20.75,30,dist13,
ze1,access.npf,ZE1.ACCESS.NPF,WS-C2950T-24,12,10.255.214.8,10.255.214.1,14.75,20,dist13,
ze2,access.npf,ZE2.ACCESS.NPF,WS-C2950T-24,12,10.255.214.9,10.255.214.1,24.75,30,dist13,
zf1,access.npf,ZF1.ACCESS.NPF,WS-C2950T-24,11,10.255.214.5,10.255.214.1,18.75,30,dist13,
zf2,access.npf,ZF2.ACCESS.NPF,WS-C2950T-24,11,10.255.214.6,10.255.214.1,28.75,50,dist13,
zg1,access.npf,ZG1.ACCESS.NPF,WS-C2950T-24,11,10.255.214.2,10.255.214.1,22.75,30,dist13,
zg2,access.npf,ZG2.ACCESS.NPF,WS-C2950T-24,11,10.255.214.3,10.255.214.1,32.75,50,dist13,
zh1,access.npf,ZH1.ACCESS.NPF,WS-C2950T-24,12,10.255.216.16,10.255.216.1,22.75,30,dist16,
zh2,access.npf,ZH2.ACCESS.NPF,WS-C2950T-24,12,10.255.216.17,10.255.216.1,32.75,50,dist16,
zj1,access.npf,ZJ1.ACCESS.NPF,WS-C2950T-24,13,10.255.216.14,10.255.216.1,18.75,30,dist16,
zj2,access.npf,ZJ2.ACCESS.NPF,WS-C2950T-24,13,10.255.216.15,10.255.216.1,28.75,50,dist16,
zk1,access.npf,ZK1.ACCESS.NPF,WS-C2950T-24,13,10.255.216.11,10.255.216.1,14.75,20,dist16,
zk2,access.npf,ZK2.ACCESS.NPF,WS-C2950T-24,13,10.255.216.12,10.255.216.1,24.75,30,dist16,
zl1,access.npf,ZL1.ACCESS.NPF,WS-C2950T-24,14,10.255.216.8,10.255.216.1,10.75,20,dist16,
zl2,access.npf,ZL2.ACCESS.NPF,WS-C2950T-24,14,10.255.216.9,10.255.216.1,20.75,30,dist16,
zm1,access.npf,ZM1.ACCESS.NPF,WS-C2950T-24,14,10.255.216.5,10.255.216.1,14.75,20,dist16,
zm2,access.npf,ZM2.ACCESS.NPF,WS-C2950T-24,14,10.255.216.6,10.255.216.1,24.75,30,dist16,
